Index,Close
0,124.66000366210938
1,124.66000366210938
2,124.66000366210938
3,124.66000366210938
4,124.66000366210938
5,124.66000366210938
6,124.66000366210938
7,124.66000366210938
8,124.66000366210938
9,124.66000366210938
